operacao;tempo
criacao;0.0000710
criacao;0.0000390
criacao;0.0000330
criacao;0.0000300
criacao;0.0000390
criacao;0.0000320
criacao;0.0000270
criacao;0.0000280
criacao;0.0000300
criacao;0.0000310
leitura;0.0000260
leitura;0.0000170
leitura;0.0000150
leitura;0.0000140
leitura;0.0000130
leitura;0.0000150
leitura;0.0000140
leitura;0.0000140
leitura;0.0000150
leitura;0.0000150
remocao;0.0000410
remocao;0.0000200
remocao;0.0000170
remocao;0.0000170
remocao;0.0000170
remocao;0.0000180
remocao;0.0000160
remocao;0.0000170
remocao;0.0000170
remocao;0.0000170
